id,keyword,rank
15441,최초이자,1
15441,일본,2
15441,조석,3
15441,낢이,4
15441,타임,5
15569,화라,1
15569,이쁘네욘빠당,2
15569,인데첫,3
15938,고기를,1
15938,돼지,2
15938,양식,3
15938,신문에,4
15938,사건이,5
20762,배바지,1
20762,글썽,2
20762,귀사대기를,3
20762,봨매너,4
20762,진짠줄,5
20853,우익,1
20853,장산범,2
20853,조철,3
20853,쉭쉭,4
20853,석아,5
21815,패륜왕,1
21815,폐륜왕,2
21815,후안이,3
21815,교주님,4
21815,스포,5
22037,인기를,1
22037,마법,2
22037,여전히,3
22037,당시,4
22037,지원이,5
22043,모르고,1
22043,좋다고,2
22043,드리고,3
22043,시계가,4
22043,칵테일,5
22045,도시락,1
22045,김치,2
22045,원숭이,3
22045,요정이,4
22045,뷰티,5
22052,솔로부대,1
22052,배트카에,2
22052,수학수사대,3
22052,부항도,4
22052,오닉,5
22073,사람,1
22073,좋아요,2
22073,년에,3
22090,진주서만,1
22090,거름통이에요,2
22090,고고학도의,3
22090,사금일기,4
22090,오사까아,5
22896,김규삼,1
22896,메르헨,2
22896,그린척,3
22896,영보랑,4
22896,노랭이,5
22897,마을,1
22897,병맛,2
22897,휴재,3
22897,토끼,4
22897,주모가,5
23182,남기한,1
23182,사후,2
23182,휴재,3
23182,진주도,4
23182,유료화,5
23183,토끼,1
23183,두대나,2
23183,차시기,3
23183,유기견,4
23183,마녀가,5
24525,아님,1
24525,자전거,2
24525,들은,3
24525,아무리,4
24525,타는,5
24965,아르미오,1
24965,회원일동,2
24965,랭이,3
24965,용병왕,4
24965,더트,5
25050,방파제,1
25050,메뚜기,2
25050,선대왕,3
25050,모시던,4
25050,내타입,5
25517,맙소사,1
25517,찹쌀떡,2
25517,벗으며,3
25517,모른단,4
25517,고라,5
25613,생참,1
25613,저희,2
25613,동생,3
25613,샘킴,4
25613,화장실,5
25714,바빴군요,1
25897,더지어스에스,1
25897,썰물이라서물빠짐,2
25897,하위곰넘,3
25897,가넷한개만주면,4
25897,곰공칠공공,5
25898,한류보라,1
25898,연호진화,2
25898,보더콜리,3
26074,시스루다,1
26074,연에세포,2
26074,수이,3
26074,베인이다,4
26074,좁다아침에,5
26107,깜방이나가,1
26107,아부쟁이,2
26107,아부쟁이부터,3
26107,돈주는할배,4
26107,부처들인가보네,5
26114,면사줄만한거,1
26114,미린넘이,2
26114,로또등,3
26114,도안가리는,4
26114,합치란건,5
26144,배댓,1
26144,고멘나,2
26216,거엿다닠,1
26216,잏다,2
26216,하늘만,3
26216,그뜻들에게,4
26216,넘이른가봐요,5
26431,이나,1
26431,기억이,2
26431,저에겐,3
26431,첨에,4
26431,나요,5
26440,그랬었다,1
26440,까인,2
26440,까인거임,3
26440,마셈,4
26440,럭키짱,5
26456,음주수술,1
26456,왜시바개,2
26456,끊겟다는건,3
26456,불싸지른,4
26456,멀티플롯,5
26458,리즈,1
26458,컨텐츠,2
26458,하이브할배,3
26458,최면과,4
26458,건너는,5
26460,어찌누워요,1
26460,쏜것에,2
26460,점화작업,3
26460,다친덴,4
26460,죽고맘,5
26473,등대,1
26473,는저등대의,2
26473,이돼는,3
26473,봐초조해,4
26473,것같았던아마,5
26671,빨갱이,1
26671,전처,2
26671,미중,3
26671,콧털로,4
26671,띠동갑,5
50422,마음,1
50422,지금,2
50422,이름,3
50422,서나님,4
50422,보면,5
51006,은하연인전,1
51006,은하,2
51006,은하에게,3
51006,은하연인전인데,4
51006,은하거병소환,5
51007,장례식,1
51007,소방관,2
51007,불닭,3
51007,토시,4
51007,들개로,5
55120,겪으,1
55120,고이나요,2
55120,여고나,3
55120,루머일뿐단,4
55120,저기왜구미씨와산지,5
55143,딸기우유,1
55143,가람이,2
55143,싱글,3
55143,살때,4
55143,나유진씨,5
58293,탄거같어,1
58293,기뻣다거,2
58293,명퇴당한,3
58293,거식이,4
58293,책재밋내,5
61731,시즌,1
61731,도치독,2
61731,판다,3
61731,저희,4
61731,엄마,5
62251,게산,1
62251,아춤과,2
62251,중단한거야,3
62251,계승하게,4
62251,소통한댔는데,5
63453,우와소라,1
63453,그녀라니,2
63453,아직은어린데,3
63453,까끙이건,4
63453,손발좀,5
63454,재희,1
63454,비틀즈는,2
63454,병자엿어,3
63454,재희만큼,4
63454,잘산댘,5
64997,벨치스,1
64997,파올로,2
64997,토발,3
64997,히페리온,4
64997,지구인,5
66913,몹쓸,1
66913,타겟이,2
66913,진일보,3
66913,해주,4
66913,화날,5
68684,겨울이,1
68684,연우서나사건,2
68684,그림을,3
68684,클래식,4
68684,연우,5
69113,운지,1
69113,저분을,2
69113,노짱,3
69113,하려던,4
69113,일곱살,5
69297,같은데,1
69297,어딜가나,2
69297,배틀크루져를,3
69297,라헬은,4
69297,나쁘죠,5
70920,에서,1
70920,으로,2
70920,그리고,3
70920,생각,4
70920,스타가,5
72497,신라의,1
72497,고구려,2
72497,정주행,3
72497,후레자식,4
72497,흑랑,5
72498,생쥐,1
72498,낢이,2
72498,타투한거,3
72498,난뱅이,4
72498,트래킹,5
81482,철수,1
81482,칼로리,2
81482,모카모카모카모카모카,3
81482,정심이,4
81482,샤프,5
89097,선녀,1
89097,노노,2
89097,켄의,3
89097,노노한테,4
89097,노노에게,5
92106,오프닝이,1
92106,편의점,2
92106,던가,3
92106,와라,4
92106,넘나,5
112931,악마,1
112931,검을,2
112931,엘프,3
112931,메이,4
112931,정의의신,5
112933,제나,1
112933,그랬네요,2
112933,되한,3
112933,질리고,4
112933,레포트로,5
113119,댄다는게,1
113119,만남이구마,2
113119,이익수,3
113119,건나쁜거임,4
113119,저리된줄알앗음,5
113121,얼어버린,1
113121,그려놓곸,2
113121,카펫이,3
113121,송년을,4
113121,따뜻해지는,5
119874,에드레이,1
119874,뇌전단,2
119874,누멘코팅,3
119874,패드릭,4
119874,돼갈량,5
131385,아샤도,1
131385,초월수치,2
131385,비슈,3
131385,아그,4
131385,찬드,5
132459,길창덕,1
132459,셨던,2
132459,입니까,3
132459,이고,4
132459,냐고,5
140444,피해자,1
140444,김민정,2
140444,씨가,3
140444,성폭행,4
140444,공감,5
142910,하이킹하던,1
142910,그립,2
142910,행군,3
142910,해녀,4
142910,서해안,5
147175,드려용,1
147175,만덕씨,2
147175,홍길동,3
147175,카카오,4
147175,선수네,5
148975,나래,1
148975,이슬을,2
148975,낢님,3
148975,만수,4
148975,동아리,5
150387,한테속는것,1
150387,이다흑,2
150387,내복이좀,3
150387,사고댐에,4
150387,활놀림을,5
150389,소나기야,1
150389,접착,2
150389,득템하셨어,3
150389,그사탕이계피,4
150389,정차댄거에,5
160461,는건감,1
160461,공중파내,2
160461,지환이,3
160461,지환인가,4
160461,어아아악,5
160469,귀신,1
160469,명자씨,2
160469,사다함,3
160469,목요일,4
160469,바람이,5
163295,의숲,1
163295,가위눌렸는데,2
163295,화고등,3
164320,푸욜은,1
164320,은퇴와,2
164320,몸인데,3
164320,조석이,4
164320,기간에,5
169080,펭러메,1
169080,방귀,2
169080,유럽여행,3
169080,독도는,4
169080,도련님,5
169081,단군할배요는,1
169081,향기,2
169081,기도를하기가,3
169081,합의해요,4
169081,신선이된,5
183558,소나기야,1
183558,언런,2
183558,로지내니까,3
183558,와루,4
183558,굴카나이프님,5
183559,퀸트,1
183559,야스라차,2
183559,켈헬람,3
186814,백악관도,1
186814,작곡을,2
186814,탁은,3
186814,피터,4
186814,이기에만,5
188199,오는만큼,1
188199,직업이,2
188199,허리,3
188199,낮은,4
188199,없게,5
205528,겁만,1
205528,소름,2
205528,에이,3
205528,미쳐가는,4
205528,포커,5
206146,꽃도요,1
206146,제나,2
206146,았을꺼예요,3
206146,동물,4
206146,그족들을,5
206149,희귀성,1
206149,눈물난다,2
206149,제야,3
206149,고맙,4
206149,늑이,5
226807,선수,1
226807,임진국,2
226807,재인이,3
226807,안경,4
226807,천사,5
243315,납치,1
243315,신아가,2
243315,나래,3
243315,서연이,4
243315,쌤이,5
243316,고든아저씬줄,1
243316,호량님,2
243316,토슼,3
243316,요올하늘누님,4
243316,아베드,5
251575,차기작,1
251575,이은정,2
251575,랑민,3
251575,가가가다,4
251575,이라하든,5
254132,인죵,1
254132,가람이,2
254132,싀문씨,3
254132,구독,4
254132,왕세자,5
258206,해요분먕,1
258206,임펄스,2
258206,토목쪽,3
258206,만남을가짐,4
258206,하제를,5
258207,장에가셨대,1
258207,달빛요정회말투아웃역,2
258207,유갓더태잌잇타임,3
258207,건너심,4
258207,넥뿌,5
259893,불로장생약쳐무것나,1
259893,임무사진포샵의힘인듯,2
259893,남겨놓는거,3
259893,어려잔거였군,4
259893,그럴줄알앗지,5
260510,물한방을,1
260510,찡알찡알,2
260510,진노의그릇,3
260510,지걸이는거야,4
260510,다알테지만,5
268859,안경녀,1
268859,안경년가,2
268859,일타쌍면,3
268859,박시온말투로,4
268859,눈깔색도,5
274400,현생에,1
274400,재밋어서,2
274400,주근깨,3
274400,눌르기,4
274400,늘려서,5
277235,않되나봐요,1
277235,에출전,2
277235,지랄맞은듯,3
277235,스쇼,4
277235,겨운아,5
297796,은동이가,1
297796,고등어랑,2
297796,두냐가,3
297796,계인이,4
297796,계인이에게,5
300957,씬에서,1
300957,되다니,2
300957,스케일,3
300957,대중화,4
300957,왔으니까,5
308751,원조신데,1
308751,부엉이,2
308751,이시합,3
308751,황준호,4
308751,토닠,5
308801,신후,1
308801,마녀죠,2
308801,안경을,3
308801,편씨라서,4
308801,짤게라도,5
310616,라크,1
310616,호수가,2
310616,희야,3
310616,희웅아,4
310616,이언,5
312979,위안부,1
312979,조상들을,2
312979,분할하거나,3
312979,극우로,4
312979,연쇄작용,5
316909,그판세의,1
316909,왕자,2
316914,위안부,1
316914,형에게,2
316914,뻐끔뻐끔뻐끔뻐끔뻐끔,3
316914,형만,4
316914,서든이,5
317362,생때냐,1
317362,아나두,2
317362,불타오를,3
317362,밸리밴스는,4
317362,에집,5
317365,고삼즈,1
317365,대학,2
317365,매지컬,3
317365,매지컬고삼즈,4
317365,메지컬고삼즈,5
318995,제아봉침,1
318995,중모리,2
318995,딘이,3
318995,금제,4
318995,단아한,5
325630,기태류,1
325630,재생단체장로일족를,2
325630,태아긴,3
325630,몸들이다,4
325630,새미아빠막지말고,5
325631,주째,1
325631,라뽁아,2
325631,쉴더,3
325631,웅철이,4
325631,의섬,5
332797,힐링,1
332797,수요일,2
332797,권혁주,3
332797,감동,4
332797,풀은,5
337962,나이인가,1
337962,혁집,2
337962,가이가,3
337962,지각에,4
337962,캠퍼스,5
350217,사마귀는,1
350217,교배,2
350217,강남건물주,3
350217,옥수,4
350217,박이,5
374970,제조기시군요,1
374970,살면가식떨지마,2
374970,뜻깊었다,3
374970,빽한,4
374970,터보려는,5
374973,선녀,1
374973,낭자,2
374973,광종,3
374973,효의가,4
374973,산신,5
387518,이동건님,1
387518,돌직구,2
387518,콧수염,3
387518,유료화,4
387518,동수가,5
395444,거북이,1
395444,거붇이한테,2
395444,독수리,3
395444,비유된듯,4
395444,현대용어로는,5
400735,신안염전노예,1
400735,벗도,2
400735,벼슬,3
400735,집권했더라도,4
400735,이리다오,5
400738,부토보러옴,1
400738,한닼내,2
400738,홍차,3
400738,올것가틈,4
400738,호떡,5
400739,화요,1
400739,지각,2
400739,노블레스,3
400739,분량,4
400739,구동인,5
403631,시말,1
403631,버즐,2
403631,플사,3
403631,우츠쿠시이,4
403631,기획적,5
409100,작가님,1
409100,하일권,2
409100,말랏어요,3
409630,토요일,1
409630,정다정님,2
409630,커플,3
409630,밀가루,4
409630,드립,5
414612,깊당,1
414612,은지일세,2
414612,불지,3
414612,협박,4
414612,바퀴벌레,5
423377,개성있고,1
423377,비서,2
423377,상자를,3
423377,채우고,4
423377,스님,5
440437,욕질하네,1
440437,그리셨네요,2
440437,베댓,3
440437,볼려니,4
440437,분석하,5
440439,새달,1
440439,못누림니까,2
440439,승훈씨,3
440439,재벌남,4
440439,차도연은,5
440447,멋지,1
440447,큰일,2
440447,할래에,3
440447,정주행,4
440447,신기,5
460689,멍티들아,1
460689,줌을눈,2
460689,쪽지,3
460689,제땀,4
460689,한테남긴말,5
471283,일상툰,1
471283,퀴어,2
471283,혐오,3
471283,이성애자,4
471283,잦은,5
478262,레사,1
478262,라의,2
478262,나뭇,3
478262,아레스,4
478262,민디민디,5
481793,팬레터,1
481793,재중이는,2
481793,휴재,3
481793,데빌,4
481793,데빌이래,5
490549,앙골모아의,1
490549,히비야,2
490549,니야는,3
490549,문유,4
490549,혜나,5
497180,치킨,1
497180,원피스,2
497180,유성,3
497180,도깨비,4
497180,코트,5
498158,앱피소드,1
498158,토끼,2
498158,야매,3
498158,조석,4
498158,이말년,5
499334,도우미야,1
499334,작곡과,2
499334,박지은,3
499334,지휘자나,4
499334,지휘자로서의,5
500945,나이스진타임,1
500945,만질려고,2
500945,이윤창,3
500945,러움이,4
500945,아르츠는,5
502673,용식이,1
502673,불새의늪,2
502673,한승원님,3
502673,비바리,4
502673,쥴리어스,5
511447,켄이,1
511447,신체변형,2
511447,오타찼기,3
511447,프랑,4
511447,종양의,5
511454,황제,1
511454,주실둘,2
511454,열나,3
511454,개념을,4
511454,함장,5
517252,박성용,1
517252,도살자가,2
517252,고은아의,3
517252,아스노아는,4
517252,엘로이,5
520598,죽은,1
520598,럼은,2
520598,사비나,3
520598,열린,4
520598,결말,5
520599,진진돌이,1
520599,제로,2
520599,에볼루션,3
520599,동물들이,4
520599,호랑이,5
521504,이겼따,1
521504,피노키오,2
521504,합체,3
521504,와장창,4
521504,에고는,5
524520,프시히가,1
524520,명트,2
524520,에프티치아,3
524520,쥬우비,4
524520,엔피스테,5
528784,쥘때,1
528784,안내리나,2
528784,은정씨,3
528784,우회적인,4
528784,베도에,5
528785,학도,1
528785,매실차,2
528785,카모마일을,3
528785,레몬즙을,4
528785,메밀차,5
530311,염력,1
530311,안는다,2
530311,일동,3
530311,안는법은,4
530311,배됫은,5
537990,연옥편,1
537990,지동대신,2
537990,임인스님,3
537990,화내지마요,4
537990,싸귀,5
546622,소원을,1
546622,볼귀녀인듯,2
546622,이중을,3
546622,올뤠,4
546622,소원은요,5
548870,수영복,1
548870,아싸는걸,2
548870,소니,3
548870,소니한테,4
548870,풍자,5
551647,자하드,1
551647,응가응가응가,2
551647,투덜투덜투덜투덜투덜,3
551647,맴맴맴맴맴맴,4
551647,진모리,5
551650,휴지,1
551650,악플,2
551650,모기가,3
551650,개학,4
551650,굿모닝,5
552960,패시브,1
552960,어비스에,2
552960,골렘,3
552960,반장,4
552960,베르는,5
557672,로그,1
557672,관광객,2
557672,치매,3
557672,죽인,4
557672,주사위,5
557676,프롤로그,1
557676,윤현석,2
557676,뱀이다,3
557676,초월한,4
557676,동태가,5
563786,비슈누,1
563786,환웅,2
563786,디테,3
563786,최강자전,4
563786,아르고스,5
563787,락커,1
563787,인분,2
563787,의뢰인은,3
563787,분식,4
563787,예비군,5
568986,김용씨,1
568986,영수씨,2
568986,가재한테,3
568986,김용우혁,4
568986,누님,5
570503,예진이,1
570503,별림이,2
570503,지수령,3
570503,고아임,4
570503,훈이,5
570506,최병열,1
570506,휴재,2
570506,럭키짱,3
570506,삐따기,4
570506,강해,5
574303,우렁이가,1
574303,낫는다는,2
574303,문둥병,3
574303,고려장이,4
574303,정다정,5
578106,턴다면,1
578106,수잔이,2
578106,더인심없음,3
578106,안돼이장님,4
578106,꼴지면뭐어떄요,5
578109,누나,1
578109,인어,2
578109,인어들과,3
578109,블로그에,4
578109,남주,5
579352,선인장,1
579352,업뎃,2
579352,주황,3
579352,정마루,4
579352,바람둥이,5
579414,프랑스,1
579414,휴재,2
579414,신혼집,3
579414,제거제,4
579414,출산,5
590252,거장,1
590252,거장들의,2
590252,거장이란,3
590252,역사,4
590252,화백,5
597447,힘네여,1
597447,임재익,2
597447,현아영,3
597447,타이거,4
597447,캔디,5
597478,날개,1
597478,연주,2
597478,아영이,3
597478,혁진이,4
597478,몸매,5
597593,올렸단거,1
597593,오이한테,2
597593,시골에가는,3
597593,뿔이,4
597593,미스테리,5
602287,아람아,1
602287,블러드,2
602287,뱀파이어,3
602287,휴재,4
602287,난새,5
602910,멍멍멍멍,1
602910,발암,2
602910,낙차,3
602910,도로로,4
602910,미영이,5
602916,후금,1
602916,왜란,2
602916,도원수,3
602916,누르하치,4
602916,김충선,5
602925,회춘한,1
602925,탱탱,2
602925,늦어도,3
602925,토요,4
602925,은빛질풍이,5
603159,나이트,1
603159,화이트,2
603159,천사,3
603159,빛의,4
603159,환생,5
604146,카는,1
604146,가슴,2
604146,턴수가,3
604146,크다,4
604146,동생,5
604147,뭐로녹이는줄아냐,1
604147,부적붙일거임,2
604147,산업전기세오르면,3
604147,뿔잘린사슴,4
604147,단체챗방이란것과,5
608258,비중격,1
608258,군생활,2
608258,복붙,3
608258,아말감은,4
608258,비중격만곡증,5
609477,네이,1
609477,이말년,2
609477,임화,3
609477,워닝,4
609477,단합체,5
612767,열쇠는,1
612767,치료,2
612767,시저가,3
612767,컨디션,4
612767,목요일,5
613076,고향의꽃,1
613076,문신,2
613076,잇었으면,3
613076,선이가,4
613076,아우를,5
616238,타임포즈,1
616238,게일,2
616238,라미아,3
616238,테오,4
616238,섀도,5
616239,장인어른,1
616239,주짓수,2
616239,알레르기,3
616239,사투리,4
616239,공무원,5
616883,뒷담,1
616883,토요,2
616883,오덕이,3
616883,휴재,4
616883,김닭이,5
617882,마계,1
617882,돌격,2
617882,왓이프,3
617882,훈이,4
617882,방독면,5
622638,레모,1
622638,속삭인다,2
622638,위작,3
622638,붉디,4
622638,개교기념일,5
622639,사상을,1
622639,않산,2
622639,조폭이,3
622639,조폭이라기보다,4
622639,조폭들한테도,5
622647,말안함짜식,1
622647,주방찌든때는,2
622647,장파열될걸,3
622647,반보트,4
622647,반보트들이,5
624632,팔용신전설,1
624632,용신전설,2
624632,콩나,3
624632,무협,4
624632,휴재,5
626906,휴재,1
626906,션아,2
626906,뚜도,3
626906,패싸,4
626906,야생일,5
626907,창주,1
626907,초심,2
626907,김원호,3
626907,박근혜,4
626907,전문대,5
626949,곰이,1
626949,바로,2
626949,곰한테,3
626949,곰에게,4
626949,호랑이,5
629055,기프트콘,1
629055,저격글,2
629055,겨털,3
629055,앉으,4
629055,셀스타그램,5
631780,거울에,1
631780,바이러스,2
631780,관하여,3
631780,원작,4
631780,오빠,5
632344,뚱땡이,1
632344,여사친,2
632344,냐옹이,3
632344,급전개,4
632344,쏟은,5
635174,권혁주,1
635174,해킹,2
635174,파쿠르,3
635174,컴퓨터,4
635174,킹이,5
635187,태동이,1
635187,얼핏본,2
635187,버크는,3
635187,단편선,4
635187,래가,5
637931,페르스토,1
637931,메카시티,2
637931,크레인,3
637931,매지시티,4
637931,연구원,5
641253,대크루,1
641253,왕오춘,2
641253,장진,3
641253,쁘랙딱,4
641253,가출팸,5
641580,정은,1
641580,흑백,2
641580,탈피,3
641580,씌운,4
641580,의비리를,5
642598,박근혜,1
642598,홍국영,2
642598,훈구파,3
642598,김조순,4
642598,장희,5
642653,너프,1
642653,앨리스,2
642653,아테나,3
642653,닥슬이,4
642653,막타는,5
643607,순정,1
643607,거장,2
643607,쿨핫,3
643607,단편,4
643607,오경아님,5
644112,오늘도,1
644112,독자,2
644112,역사,3
644112,항상,4
644112,감사,5
644117,트레이싱,1
644117,김웅용,2
644117,김웅용씨는,3
644117,배진수,4
644117,스타니슬라프,5
644180,대통령,1
644180,초딩,2
644180,드립,3
644180,정치,4
644180,베댓,5
644182,시즌,1
644182,뱃속에,2
644182,임신,3
644182,성별이,4
644182,출산,5
646358,저승사자,1
646358,아만,2
646358,빨간,3
646358,다이스,4
646358,원주민,5
646359,안해,1
646359,한자,2
646359,쌀뜨물,3
646359,막내님,4
646359,매실이,5
647948,세이가,1
647948,히로,2
647948,헤젤을,3
647948,비비,4
647948,귀족들,5
648419,주희린,1
648419,한소이,2
648419,문소중,3
648419,지희,4
648419,기율대,5
650305,범찰,1
650305,추오,2
650305,무케도,3
650305,후바이,4
650305,버르테,5
651664,바압,1
651664,어슷,2
651664,샨티,3
651664,정다정,4
651664,설기야,5
651665,일등당첨,1
651665,컷은,2
651665,첩보의,3
651665,대한민국,4
651665,핸드,5
651670,수동기어를,1
651670,에코모드,2
651670,무한굴레,3
651670,간장계란밥,4
651670,낢이,5
651673,줄리,1
651673,윤희,2
651673,새이끼,3
651673,울지마,4
651673,히스테리,5
651675,아이스크림,1
651675,치킨,2
651675,앞니,3
651675,잇선님,4
651675,토끼,5
652403,석현,1
652403,벛꽂,2
652403,셀렘에,3
652403,매년봄,4
652403,뮤지,5
652466,팀이,1
652466,골을,2
652466,클럽,3
652466,리그,4
652466,이적,5
654138,선배,1
654138,인테리어,2
654138,남편,3
654138,언니,4
654138,자기,5
654331,현수,1
654331,현수한테,2
654331,만석공원,3
654331,비엘,4
654331,이천시,5
654774,소애,1
654774,나리만,2
654774,유성현,3
654774,선지랑,4
654774,진예슬,5
654809,스프릿,1
654809,하늘이,2
654809,세라,3
654809,엑소,4
654809,약사,5
655277,네모안경이던뎅,1
655277,스퍼맨,2
655277,스퍼맨이란,3
655277,스퍼맨이라니,4
655277,치매오고,5
655746,육망성,1
655746,자바투스,2
655746,칸스로프,3
655746,지오,4
655746,지오에게,5
655747,화랑,1
655747,예진이,2
655747,북구,3
655747,을사,4
655747,줄무늬,5
655749,장여울,1
657934,배달원,1
657934,사진사의,2
657934,미영이,3
657934,육포,4
657934,보청기,5
658823,치우의,1
658823,환단고기,2
658823,환웅,3
658823,웅녀,4
658823,북두,5
659934,수어를,1
659934,랩소디,2
659934,대필,3
659934,속기사,4
659934,카이스트,5
662774,강룡도,1
662774,파황신군,2
662774,천곡칠살,3
662774,교룡갑,4
662774,제운강,5
662898,천상이,1
662898,은퇴,2
662898,은퇴라니,3
662898,믿음,4
662898,임인스,5
664406,네버랜,1
664406,연대기,2
664406,더게이머,3
664406,박현수,4
664406,야구,5
665174,김규삼,1
665174,하이브,2
665174,천리마마트,3
665174,나쁜,4
665174,누워자던,5
666516,자림이,1
666516,서나래,2
666516,초중딩,3
666516,주혜,4
666516,전선욱,5
666673,단편선,1
666673,수식이,2
666673,한옥,3
666673,어바웃,4
666673,바랄게,5
667010,준이,1
667010,천재,2
667010,달리,3
667010,연출,4
667010,살바도르,5
667573,지은이,1
667573,은욱슬기,2
667573,백소,3
667573,권현빈,4
667573,낄낄,5
668103,달을,1
668103,불개,2
668103,현욱,3
668103,불개에게,4
668103,불개들을,5
669357,유한나,1
669357,많으셨,2
669357,수천수만명은,3
669357,하난안다,4
669357,인기를끌수,5
669358,중스러운건,1
669358,네아버가,2
669358,겄좀,3
669358,가늨,4
669358,기간까비,5
669360,시즌,1
669360,지배,2
669360,카인,3
669360,뮨의,4
669360,구울이,5
670131,이화백님의,1
670131,치우가,2
670131,위만이,3
670131,환단고기,4
670131,한나라,5
670140,민규,1
670140,상우,2
670140,민희가,3
670140,할아버지,4
670140,현제는,5
670143,이승,1
670143,피바다,2
670143,미리보기,3
670143,짱가,4
670143,구사회,5
670144,복아도,1
670144,명영아,2
670144,신룡도,3
670144,룡이,4
670144,갑연아,5
670145,메갈,1
670145,필승,2
670145,유루유라,3
670145,소희가,4
670145,오미,5
670146,정신이가,1
670146,만거야,2
670146,견우,3
670146,주리,4
670146,놓정,5
670149,바이올렛,1
670149,민석영,2
670149,장덕만,3
670149,강의철,4
670149,곰을,5
670152,리고스,1
670152,슬라임,2
670152,라지에,3
670152,대장장이,4
670152,올스텟,5
671421,황순원의,1
671421,전과자의,2
671421,갸오오,3
671421,르브론,4
671421,썸네일,5
675554,스몰,1
675554,업무,2
675554,산업,3
675554,직장,4
675554,상사,5
675556,윷가락이,1
675556,신파치,2
675556,럭키짱,3
675556,대정령,4
675556,코코노,5
675559,선희,1
675559,유기견,2
675559,루돌프,3
675559,타투,4
675559,마라탕,5
676695,채주,1
676695,최채주,2
676695,소아온,3
676695,부활석,4
676695,박진아,5
677452,도박장,1
677452,부활남,2
677452,엣지오브,3
677452,유주가,4
677452,인상착의,5
677753,갸오오,1
677753,저승사자,2
677753,금요일,3
677753,주씩,4
677753,제임스,5
678494,작화,1
678494,정주행,2
678494,김정휘,3
678494,마고,4
678494,선인의,5
679519,탕탕,1
679519,깔깔깔,2
679519,응가,3
679519,하하하하하,4
679519,헥헥헥헥헥헥헥헥헥헥,5
679543,아르테미스,1
679543,아폴론,2
679543,신이,3
679543,휴재,4
679543,환생,5
679568,최강자전,1
679568,덴마,2
679568,제니오,3
679568,란포,4
679568,공학자가,5
680193,거장,1
680193,거장들의,2
680193,팬레터도,3
680193,추억,4
680193,역사,5
682222,동반자살은,1
682222,명선이,2
682222,소류지,3
682222,우메,4
682222,암매장,5
682637,철수,1
682637,배기꽈배기꽈배기꽈배,2
682637,낄낄,3
682637,처치,4
682637,혼란,5
682803,현모양처,1
682803,지적을하던가,2
682803,아메바가,3
682803,꼬물꼬물꼬물,4
682803,분신사바,5
683496,강북사신,1
683496,하트히터,2
683496,타이거디,3
683496,퐝코,4
683496,십자성,5
685460,류진,1
685460,골체,2
685460,설악,3
685460,오수의,4
685460,산신,5
685989,소미,1
685989,완결,2
685989,공유할까,3
685989,셀카,4
685989,안봤은데,5
686312,노동부,1
686312,교구,2
686312,외주,3
686312,은행원,4
686312,소연씨,5
686885,보행에,1
686885,곰돌이,2
686885,경직과,3
686885,유적들을,4
686885,단편선,5
686911,점크래프트,1
686911,꼬물꼬물꼬물,2
686911,꼬물꼬물,3
686911,뚠뚠,4
686911,지리구여,5
687610,실적,1
687610,인트로,2
687610,방탄,3
687610,현직,4
687610,항공사,5
687915,혀엉,1
687915,잠순이,2
687915,드림코퍼,3
687915,딜드,4
687915,꿈사원,5
690502,윤덩민씨,1
690502,임총,2
690502,민송아,3
690502,쪽문도,4
690502,랑또,5
690503,일호,1
690503,일호한테,2
690503,일호에게,3
690503,일호보다,4
690503,랑이,5
690594,게살스프,1
690594,울었네요,2
690594,마미손,3
690594,울었,4
690594,곰토,5
692510,등근육,1
692510,우희비,2
692510,빠안스,3
692510,김스,4
692510,사귑니다,5
693445,짜집기,1
693445,고료주고,2
693445,패턴인,3
693445,물타기,4
693445,메갈,5
694131,나인스터프,1
694131,헤르메스,2
694131,카밀라,3
694131,한양대,4
694131,로베르토,5
694946,연예인,1
694946,살인,2
694946,동생,3
694946,텃밭부,4
694946,스포,5
695321,귀안도사,1
695321,이무기,2
695321,봉인,3
695321,너구리,4
695321,록이,5
695796,조센삐,1
695796,우도진,2
695796,계미연,3
696593,시무간,1
696593,데드,2
696593,단편,3
696593,귀신,4
696593,좀비,5
697254,불의,1
697254,환생,2
697254,카라크,3
697254,카이,4
697254,왕가의,5
697533,물린,1
697533,국궁,2
697533,수돗물,3
697533,부산행,4
697533,백신,5
697535,핫도그,1
697535,크리스마스,2
697535,고기국수,3
697535,박웅,4
697535,귀신이,5
698888,남우락,1
698888,권우진,2
698888,남수지,3
698888,김승표,4
698888,간쌤,5
698918,구미호,1
698918,전라도,2
698918,이순신,3
698918,원주,4
698918,해병,5
699413,쥬니,1
699413,임총,2
699413,주의,3
699413,그리는,4
699413,톡톡,5
699415,예종,1
699415,허그,2
699415,산신,3
699415,차라,4
699415,소령,5
700327,송아,1
700327,디버그,2
700327,눈가림의,3
700327,희라,4
700327,가담항설,5
700843,이찬은,1
700843,판데,2
700843,하기랑,3
700843,디엔,4
700843,하기파로,5
700844,김성훈,1
700844,세화여고,2
700844,정진영,3
700844,진영아,4
700844,상현달,5
700858,종교,1
700858,도도도도도도도도도도,2
700858,교회,3
700858,모자이크,4
700858,반장,5
701081,숙주,1
701081,편상욱,2
701081,이은혁,3
701081,촉수,4
701081,블리츠,5
701535,경기,1
701535,주대각,2
701535,근육,3
701535,코치님,4
701535,태영이,5
701699,무제한이,1
701699,바닷속,2
701699,아기상어,3
701699,어띴어요,4
701699,멜론일듯,5
702165,여라,1
702165,소윤이가,2
702165,소윤,3
702165,소윤인가,4
702165,방탕,5
702463,동백,1
702463,표절,2
702463,슬이,3
702463,표절이라,4
702463,남주,5
702608,임대현,1
702608,지수,2
702608,스토커,3
702608,코인,4
702608,종화,5
702672,쫌만,1
702672,가짝,2
702672,소형견,3
702672,종구,4
702672,중성화,5
703629,형광펜,1
703629,뽁뽁뽁뽁뽁뽁뽁뽁뽁뽁,2
703629,뽁이,3
703629,으으으,4
703629,레몬사탕,5
703630,레나가,1
703630,쎄타시,2
703630,세타시,3
703630,하일,4
703630,야성단,5
703631,연예인,1
703631,토익,2
703631,성형,3
703631,자존감,4
703631,성형한거,5
703634,못시키나요,1
703634,즐겼으먼,2
703634,동그랗게나옴,3
703634,루마티스,4
703634,자꾸영희가,5
703833,양아치,1
703833,연희,2
703833,연희한테,3
703833,폭력,4
703833,렌이,5
703839,혜성이,1
703839,단아,2
703839,해님,3
703839,소개팅,4
703839,간호사,5
703840,유시진,1
703840,반갑,2
703840,김나경,3
703840,기철이,4
703840,환빠,5
703841,성윤이,1
703841,스토커,2
703841,김칫국,3
703841,성윤나라,4
703841,브로콜리,5
703843,최미려,1
703843,조두순,2
703843,팀장,3
703843,검찰이,4
703843,비질,5
703844,인스타에,1
703844,원중고,2
703844,부산중앙고,3
703844,중앙고,4
703844,신명호,5
703846,코르셋,1
703846,나와라,2
703846,영수증,3
703846,주경아,4
703846,구하린,5
703847,초초특가,1
703847,키작다고,2
703847,휴재,3
703847,왕따,4
703847,남주,5
703848,주예수,1
703848,축전도,2
703848,내신거,3
703848,민트,4
703848,조교,5
703849,아름이,1
703849,상구가,2
703849,휴재,3
703849,강성훈,4
703849,별아,5
703850,데뷔,1
703850,연습생,2
703850,도영이,3
703850,박도영,4
703850,자판귀가,5
703852,준혁이,1
703852,아름이,2
703852,어남유,3
703852,유연쨩아야아악유연쟈,4
703852,현이가,5
703853,하비영,1
703853,자연수,2
703853,난제를,3
703853,석사,4
703853,페르마의,5
703856,살찐,1
703856,이목구비,2
703856,뚱뚱한,3
703856,낙하산,4
703856,마카롱,5
706590,칠갑이,1
706590,박경훈,2
706590,샹크스,3
706590,덕배,4
706590,기관실,5
706770,파쿠르,1
706770,김우준,2
706770,영은이,3
706770,인건이는,4
706770,알러지,5
708427,토미에,1
708427,오덕들,2
708427,이기자그린,3
708427,그린도,4
708427,버거커팅,5
708452,민수,1
708452,민수한테,2
708452,멍인들,3
708452,냥인,4
708452,치마,5
708453,묵이,1
708453,담임,2
708453,단테,3
708453,단테한테,4
708453,염라,5
709731,만우절,1
709731,음료수,2
709731,팬픽,3
709731,폴리,4
709731,워너원,5
709732,삼촌,1
709732,스가,2
709732,한알에,3
709732,장리,4
709732,장리한테,5
710639,뺀다,1
710639,보배,2
710639,보배한테,3
710639,보배에게,4
710639,노아,5
710747,팸에,1
710747,훈이,2
710747,민우,3
710747,태경이,4
710747,판치기,5
710749,천년의,1
710749,남잔줄,2
710749,아들만한,3
710749,가문,4
710749,남편,5
710750,루시퍼,1
710750,윤한나,2
710750,미카가,3
710750,미카한테,4
710750,장진님,5
710751,형신,1
710751,준태,2
710751,고탁,3
710751,임주양,4
710751,최효만,5
710754,강요,1
710754,꾸미고,2
710754,택시,3
710754,버들도령,4
710754,여전사,5
710757,강다니,1
710757,태월,2
710757,연화예성,3
710757,임예성,4
710757,강기언,5
710758,썸네일,1
710758,썸넬,2
710758,생원이한테,3
710758,룩룩,4
710758,히힝이라,5
710760,싸이코,1
710760,세뇌,2
710760,지켜내,3
710760,수상,4
710760,킹은,5
710761,데스페라도,1
710761,재이,2
710761,여미,3
710761,여왕벌,4
710761,북미섭,5
710764,캬스,1
710764,카스,2
710764,속옷,3
710764,의무,4
710764,미리보기,5
710765,던데인기,1
710765,펀브,2
710765,또받냐그건,3
710765,이였나일반,4
710765,일본,5
710768,열팩,1
710768,입힐거면,2
710768,파운드,3
710768,주사기,4
710768,입히고,5
710769,사로한,1
710769,가해자,2
710769,낮을,3
710769,하리도,4
710769,정장구두,5
711422,본초,1
711422,쬬가,2
711422,유우,3
711422,가후,4
711422,조맹덕,5
712003,티저,1
712003,러닝타임에,2
712003,감상평이지만,3
712003,장노란,4
712003,취미가,5
712362,덕진이,1
712362,펫샵,2
712362,펫샵에서,3
712362,강형욱,4
712362,황둥이,5
713055,포수가,1
713055,강제점령이,2
713055,내부충돌,3
713055,붕대,4
713055,이츠,5
713289,브라,1
713289,짹짹,2
713289,아영이,3
713289,꽁지,4
713289,말석이,5
713915,끼려하노,1
713915,피임은,2
713915,니스트,3
713915,수아근황도,4
713915,라구왜왜왜,5
713975,발암,1
713975,번식,2
713975,연아는,3
713975,성훈을,4
713975,앵거,5
714185,사바나,1
714185,두엽,2
714185,데스페라도,3
714185,체스판,4
714185,건아,5
714293,괴수,1
714293,입자를,2
714293,지구인,3
714293,스완,4
714293,암행어사,5
714568,용키,1
714568,지희가,2
714568,몽유병,3
714568,유괴범은,4
714568,시키실,5
714834,이상준,1
714834,안가연님,2
714834,이용진,3
714834,하준수,4
714834,에어프,5
714886,신살,1
714886,롱기누스,2
714886,신죽방,3
714886,신살자들,4
714886,스틱스,5
715159,국중록,1
715159,이상신,2
715159,능력,3
715159,박성기,4
715159,신체를,5
715772,도시락,1
715772,애용티콘,2
715772,김진,3
715772,껄룩이,4
715772,감염자,5
715935,흑화,1
715935,이디야,2
715935,아델왕국,3
715935,예리엘,4
715935,멜리,5
716164,절개,1
716164,니체의,2
716164,의뢰,3
716164,필드,4
716164,폴의,5
716776,변성대왕,1
716776,김남길,2
716776,무양이,3
716776,본부인,4
716776,개미지옥,5
716857,백제거란,1
716857,뇌를,2
716857,떡밥,3
716857,주식,4
716857,그마고,5
717031,여성서사,1
717031,냥이,2
717031,꼰대,3
717031,인디언,4
717031,인디언들은,5
717059,병맛,1
717059,병맛인데,2
717059,차원,3
717059,꿈속,4
717059,컷부,5
717481,노블,1
717481,말랑뽀짝말랑뽀짝,2
717481,말랑뽀짝말랑뽀짝말랑,3
717481,핵에,4
717481,카제인,5
718016,은아,1
718016,은아한테,2
718016,타블렛,3
718016,장은아,4
718016,마카,5
718017,꽃받침,1
718017,너모,2
718017,간질간질,3
718017,따뜻,4
718017,재희가,5
718019,사귑니다,1
718019,다은아,2
718019,김국,3
718019,택아,4
718019,박재언,5
718020,삼도천동,1
718020,영연,2
718020,영매사,3
718020,비나와,4
718020,퇴마,5
718021,비춰져있네,1
718021,박대표,2
718021,신주쿠미남,3
718021,하별이는,4
718021,누룽이,5
718022,복원기계,1
718022,전작,2
718022,전작부터,3
718022,서동,4
718022,당우도,5
719508,호드,1
719508,애드,2
719508,에드가,3
719508,불지옥,4
719508,게인이,5
720120,울었,1
720120,놀아주,2
720120,낭낙,3
720120,노건호,4
720120,몽쵸,5
720128,재재재재,1
720128,우월감을,2
720128,페미,3
720128,막노동,4
720128,반반반,5
720190,흉기,1
720190,독재자,2
720190,확증편향,3
720190,멸치,4
720190,대패,5
720716,관리자,1
720716,고삼이야,2
720716,남지우가,3
720716,김하랑,4
720716,수현님,5
720810,심연이,1
720810,열정케임,2
720810,아쉽넹,3
720810,작전이었어,4
720810,레인의,5
721109,호모,1
721109,동성,2
721109,재환이,3
721109,공수,4
721109,비정상,5
721260,손손손손손손손손손손,1
721260,선배가,2
721260,고양이,3
721260,유정,4
721260,재현이,5
721433,박주완,1
721433,와난님,2
721433,주완아,3
721455,테라스북,1
721455,루베르이,2
721455,담화,3
721455,테일즈런너,4
721455,로드로,5
721457,황민현님,1
721457,도준김도준김도준김도,2
721457,까악까악까악까악까악,3
721459,남전무가,1
721459,공영,2
721459,지안이가,3
721459,몇화,4
721459,가질게요,5
721462,여주,1
721462,인스타,2
721462,메이크업,3
721462,블랙,4
721462,연예인,5
721463,경호원,1
721463,재난,2
721463,연구팀,3
721463,운석,4
721463,특수부대,5
721915,개못미더움,1
721915,시즌,2
721915,황금의,3
721915,햄쥐주먹인거,4
721915,인기못,5
721919,의숙,1
721919,준표씨,2
721919,호선아,3
721919,구원주,4
721919,조이경,5
721920,리개를,1
721920,성평,2
721920,생리랑,3
721920,몰카,4
721920,슴가,5
721948,고추장,1
721948,전영,2
721948,회초리,3
721948,현이,4
721948,슈퍼스트링,5
721949,차유정,1
721949,착한,2
721949,유정,3
721949,회장,4
721949,어머어머,5
722382,루프를,1
722382,김남준김,2
722382,방탄도,3
722382,태형아,4
722382,악플,5
722386,커피,1
722386,왕따,2
722386,공모전,3
722386,자존감,4
722386,방송,5
722542,도결이,1
722542,강제완료,2
722542,연예계,3
722542,추첨된,4
722542,심해요작붕이라해아,5
723046,유현,1
723046,모듈,2
723046,해킹,3
723046,초코바,4
723046,선녀강림,5
723365,팔딱팔딱팔딱팔딱팔딱,1
723365,떡국떡국떡국,2
723365,통닭인가,3
723365,개학,4
723365,사탄,5
723414,저주,1
723414,커피,2
723414,여주,3
723414,세대지만,4
723414,키스,5
723790,뿌지직,1
723790,조득만,2
723790,존윅,3
723790,피오,4
723790,흑곰,5
723862,김수박,1
723862,야와,2
723862,숨비,3
723862,현대미,4
723862,선리는,5
724274,사일런,1
724274,정태형,2
724274,적안인,3
724274,로율,4
724274,톤범벅,5
724431,산중노인,1
724431,퉁구스카,2
724431,놀았나봐요,3
724431,손제호,4
724431,쏜더스,5
724482,차를,1
724482,현상,2
724482,코너,3
724482,자동차,4
724482,신데렐랔,5
724815,독서실,1
724815,이별통보,2
724815,헤어지고,3
724815,셰프,4
724815,립스틱,5
724817,사범대,1
724817,무죄주거나,2
724817,이기붕,3
724817,경북대,4
724817,빨치산을,5
724854,조현병,1
724854,뒷감당,2
724854,혁이,3
724854,로미,4
724854,송진혁,5
724965,파바,1
724965,따뜻,2
724965,미쉐린,3
724965,지코바,4
724965,미슐랭,5
725552,더위,1
725552,아이스크림,2
725552,화자,3
725552,한서,4
725552,화자한테,5
725586,소방교,1
725586,퍼석,2
725586,경기소방,3
725586,시광구조대,4
725586,석원호,5
725829,주라차,1
725829,쿠키,2
725829,포교,3
725829,제이,4
725829,잠입취재,5
725830,김호연씨,1
725830,에필,2
725830,시우야,3
725830,헤퍼,4
725830,거다요,5
726091,밸브,1
726091,우울증,2
726091,송유관공사,3
726091,과유불급,4
726091,정통파,5
726095,인스타그램,1
726095,연쇄,2
726095,스토리,3
726095,외모지상주의,4
726095,도레미,5
726189,성불시켜줄,1
726189,측정기,2
726189,디그,3
726189,알림기능인데,4
726189,비옥하다고,5
726210,한거짆아,1
726210,지옥이다,2
726210,주인공,3
726210,타인,4
726210,돈마냥,5
726211,익룡,1
726211,가드,2
726211,가드들이,3
726211,가드로서,4
726211,마이클,5
726212,수수한,1
726212,셀카,2
726212,사함,3
726212,금수저,4
726212,분홍,5
726214,백도앵,1
726214,숙영,2
726214,정년아,3
726214,옥경,4
726214,남역,5
726454,구미호,1
726454,고백,2
726454,도서관,3
726454,세아,4
726454,세아한테,5
726467,육아,1
726467,출산,2
726467,아기를,3
726467,대학,4
726467,애를,5
726842,개그,1
726842,무협,2
726842,강호,3
726842,머리,4
726842,탈모,5
727188,병이,1
727188,식당,2
727188,사과주스,3
727188,연대장딸,4
727188,군생활,5
727189,이재,1
727189,충찌,2
727189,시아,3
727189,맞장을,4
727189,찐따,5
727191,포근한,1
727191,따뜻하게,2
727191,울고,3
727191,서일페,4
727191,서랍이,5
727268,이랑씨는,1
727268,꼈을때만,2
727268,월차,3
727268,순대국,4
727268,고스톱인가,5
727784,자른다는줄,1
727784,희화화,2
727784,그싸개,3
727784,청불이얔,4
727784,아지매,5
727798,아버지,1
727798,염다정,2
727798,깡패,3
727798,최강자전,4
727798,염나연,5
727826,소나무,1
727826,무민,2
727826,깔깔깔,3
727826,서열,4
727826,윤방울,5
727836,아까우면,1
727836,건욱이,2
727836,건욱이한테,3
727836,윤다은,4
727836,웹소는,5
727838,집값,1
727838,엄마,2
727838,한강조망권,3
727838,아파트,4
727838,가족,5
728007,신동엽,1
728007,시계가시를가르킴,2
728007,근본,3
728007,떨리고,4
728007,깡이나,5
728015,호텔,1
728015,알라딘,2
728015,벌레,3
728015,뮤지컬,4
728015,횡단,5
728061,김정태,1
728061,르륵,2
728061,샨티,3
728061,까르륵,4
728061,할새,5
728126,스터디그룹,1
728126,할머니,2
728126,근육,3
728126,무모협지,4
728126,무협,5
728128,은호,1
728128,낙동강,2
728128,서해,3
728128,조력자,4
728128,연꽃,5
728619,폐급,1
728619,동대장,2
728619,군부심,3
728619,문병희,4
728619,군무새,5
728750,광휘의검,1
728750,장련,2
728750,무림맹주,3
728750,일러스트,4
728750,사파,5
728751,커뮤,1
728751,오니주식,2
728751,도채,3
728751,훼이,4
728751,상어잠옷,5
728900,고백해,1
728900,수영부,2
728900,이수영,3
728900,이수영한테,4
728900,육지에,5
729003,무능,1
729003,낙하산,2
729003,신춘문예,3
729003,뻔하다,4
729003,파인데,5
729036,베도,1
729036,당신,2
729036,반이,3
729036,도결문,4
729036,위가,5
729037,펫숍오브호러스,1
729037,물건을,2
729037,캉타우,3
729037,숙희,4
729037,괴물,5
729038,왕따,1
729038,카락을,2
729038,개학,3
729038,우드,4
729038,도둑질,5
729040,코로나,1
729040,서브,2
729040,사이다,3
729040,불편해,4
729040,고구마,5
729043,집사도,1
729043,브유야,2
729043,페인트,3
729043,별따기가,4
729043,댓을달지,5
729044,금관요괴,1
729044,이재신,2
729044,양재현,3
729044,전극진이,4
729044,섭소천,5
729047,피를,1
729047,신의,2
729047,후드,3
729047,매개체로,4
729047,꾸고나서,5
729049,배달원,1
729049,신토불이,2
729049,이등,3
729049,맺힘,4
729049,배진수,5
729084,자전거,1
729084,전국,2
729084,종교,3
729084,단델,4
729084,사사,5
729086,폐하,1
729086,폭군이,2
729086,남주,3
729086,시녀,4
729086,쿠키,5
729089,오글,1
729089,꼬는거얔개,2
729089,현웃임,3
729089,내시지하,4
729089,해놨는뎅,5
729255,숙주,1
729255,제너두,2
729255,대령이,3
729255,흑벌,4
729255,보험공단이,5
729259,안차는건,1
729259,심정지시,2
729259,이없져,3
729259,안바껴도,4
729259,수치안정화,5
729326,기성이,1
729326,학번,2
729326,성준이,3
729326,없애달,4
729326,사고사로,5
729563,의댄가부지,1
729563,도쏴,2
729563,코로나,3
729563,범죄,4
729563,다는는,5
729571,예뻐,1
729571,헤어,2
729571,빈이,3
729571,인싸,4
729571,빛나,5
729767,아가씨,1
729767,시대적,2
729767,목숨,3
729767,윤화,4
729767,희생,5
729883,타쥼,1
729883,선임자의,2
729883,똥차스멜,3
729883,유림이,4
729883,유림이한테,5
729938,신원파는,1
729938,만차리면,2
729938,개이할배,3
729938,신원파인데,4
729938,신원아난,5
729946,암내나,1
729946,불편러들,2
729946,씹음,3
729946,한회차,4
729946,신홍이형,5
729963,사나이,1
729963,갸오오,2
729963,여잔데,3
729963,병맛,4
729963,뜨거운,5
729964,병맛,1
729964,신상공개와,2
729964,자투리,3
729964,호롱이였죠,4
729964,릴리,5
730148,국밥집,1
730148,다홍이,2
730148,일베들,3
730148,정호,4
730148,좌편향,5
730174,아빠가,1
730174,아빠한테,2
730174,바람,3
730174,연예인,4
730174,스트레스,5
730202,사탄이랑,1
730202,경호,2
730202,바닥인거야,3
730202,고향만,4
730202,런급임,5
730204,레나,1
730204,반지운,2
730204,스토커,3
730204,아진이,4
730204,아진이한테,5
730258,차선이탈,1
730258,재벌인증,2
730258,오르라,3
730258,총영사관에,4
730258,두유노,5
730259,하일권씨,1
730259,하일권만의,2
730259,병의맛,3
730259,시즌,4
730259,일권이형,5
730389,실어서라도,1
730389,병영,2
730389,연타부터,3
730389,신체단련과,4
730389,퍠션의,5
730391,두발을,1
730391,두발두발,2
730391,쏠거면서,3
730391,구려요,4
730391,재작년까진,5
730425,뉴비,1
730425,라즈베리,2
730425,세아,3
730425,은정이,4
730425,여왕벌이냐,5
730465,새진리회,1
730465,믿쓥니다,2
730465,송소현의,3
730466,선우는,1
730466,안경잡이,2
730466,파일러가,3
730466,고삐리,4
730466,페도는,5
730607,노아가,1
730607,정우는,2
730607,홍일점,3
730607,제지구로,4
730607,엑시트,5
730656,페로,1
730656,사커를,2
730656,이소룡,3
730656,우에하라,4
730656,맘바,5
730657,씹덕,1
730694,키릴로는,1
730694,세인트펄이,2
730694,호형,3
730694,팔씨름,4
730694,야와,5
730811,숏애니,1
730811,탈출,2
730811,되기만,3
730811,집사,4
730811,애니메이션,5
731019,서아,1
731019,서아보다도,2
731019,지독하다고,3
731019,양궁부,4
731019,이영의,5
731063,뇌사,1
731063,소방대원,2
731063,도라희,3
731063,차단기가,4
731063,시그널도,5
731130,리스,1
731130,두나나,2
731130,치기,3
731130,취업,4
731130,닭강정,5
731297,비트코인,1
731297,조합원이,2
731297,엘베,3
731297,송강기,4
731297,승강기,5
731930,동래구,1
731930,사바하,2
731930,달군다,3
731930,세스코,4
731930,마방진은,5
731939,주희도,1
731939,민욱이,2
731939,이쿠에미,3
731939,민욱민욱민욱민욱민욱,4
731939,하연아,5
731978,따뜻한,1
731978,미각이,2
731978,행복,3
731978,백수세끼,4
731978,식당에서,5
732021,축구,1
732021,프리,2
732021,선수들,3
732021,경기,4
732021,팀이,5
732036,팬치인건,1
732036,한코코,2
732036,팬치시죠,3
732036,펭귄,4
732036,팽대리님,5
732056,그이별들이,1
732056,함만딱,2
732056,동희,3
732056,동희에게,4
732056,동희인데,5
732071,콜센터,1
732071,층간소음,2
732071,사이비,3
732071,수조,4
732071,인어는,5
732224,소재라,1
732224,설하,2
732224,개연성이,3
732224,루비,4
732224,설리가,5
732255,껏이야,1
732255,조선,2
732255,약이야,3
732255,아냐기,4
732255,혼인만,5
732256,전남친,1
732256,심청,2
732256,포커,3
732256,콜벨,4
732256,하루전,5
732259,스쿨미투,1
732259,학생들,2
732259,텃밭,3
732259,백지예온,4
732259,예온이,5
732403,추더,1
732403,니미는,2
732403,새똥보다,3
732403,스윗가이,4
732403,우냐,5
732953,얼굴,1
732953,소원,2
732953,마스크,3
732953,못생긴,4
732953,성격이,5
732988,윤수,1
732988,어글리후드,2
732988,채아,3
732988,채아한테,4
732988,부릉부릉,5
733006,포터를,1
733006,찰떡,2
733006,학대를,3
733006,일기장,4
733006,야자의,5
733033,펄럭,1
733033,진화론,2
733033,단명,3
733033,김단명,4
733033,빡대가리,5
733034,미현,1
733034,소시오패스,2
733034,혜지씨,3
733034,혜지씨한테,4
733034,쇠꼬챙이로,5
733047,문유,1
733047,위성연은,2
733047,치르던,3
733047,황지,4
733047,황지한테,5
733074,계란,1
733074,취업,2
733074,소스,3
733074,볶음밥,4
733074,재혼한,5
733076,데네웹,1
733076,소년,2
733076,뭐뭘,3
733076,카도란,4
733076,나루토,5
733077,맹물,1
733077,연애,2
733077,맹물이다,3
733077,살이어야,4
733077,칼보다,5
733078,반공,1
733078,수용소인,2
733078,은밀하게,3
733078,블루투스,4
733078,브루투스,5
733079,이경이가,1
733079,이경이한테,2
733079,이경,3
733079,다단계,4
733079,다단계인거,5
733080,여주가,1
733080,형이,2
733080,염룡,3
733080,첫사랑,4
733080,수정이가,5
733081,동성,1
733081,낸시는,2
733081,슬퍼,3
733081,세월호,4
733081,왕비가,5
733137,성전환,1
733137,소라게,2
733137,숙이,3
733137,엽이,4
733137,조안나,5
733274,라인업,1
733274,이나랑,2
733274,선녀크롭티,3
733274,선녀김도연,4
733274,웹드로,5
733277,한마리,1
733277,무명,2
733277,무명도사를,3
733277,도사님,4
733277,무사놈,5
733280,메갈,1
733280,재무설계사,2
733280,도베르만,3
733280,정현주,4
733280,최보윤,5
733282,하비영,1
733282,수학,2
733282,사진보정하듯,3
733282,법부터,4
733282,수학이든,5
733284,광선검,1
733284,빠순이,2
733284,주삿바늘이,3
733284,양구,4
733284,머가리,5
733395,경하,1
733395,경하한테,2
733395,경하님을,3
733395,경하에겐,4
733395,경하에게도,5
733413,당근이네큐삼이형,1
733413,네버다이라며,2
733413,천리마,3
733413,쌉리다,4
733413,드라마,5
733458,로맨스,1
733458,구청장인거말고,2
733458,류맨스는,3
733458,기사술,4
733458,터가,5
733488,전환도,1
733488,반영도,2
733488,외모,3
733488,깔끔하고,4
733488,권장은,5
733638,남주,1
733638,하복,2
733638,현우,3
733638,정태,4
733638,정아한테,5
733728,견습한테,1
733728,견습,2
733728,뾰로롱,3
733728,빈혈,4
733728,로어스쿨,5
733746,어떠길레,1
733746,꽁초통,2
733746,이란애,3
733746,따뜨무리해,4
733746,식될,5
733765,공주,1
733765,웃갸서,2
733765,뭐햌,3
733765,약빨앗네개,4
733765,듴야,5
733766,외지주,1
733766,일잘한다,2
733766,진우,3
733766,진우한테,4
733766,진솔이,5
733768,환불고,1
733768,스테리나잇,2
733768,노닥대는거,3
733768,우찬주식,4
733768,래라며,5
733770,꺼낼까,1
733770,이재익,2
733770,양세준,3
733770,대작각,4
733770,각이러냐,5
733771,복부는,1
733771,방지문자,2
733771,다룬줄,3
733771,모기장이나,4
733771,풍자,5
734008,썸넬,1
734008,구정모,2
734008,강강,3
734008,백중이,4
734008,방귀도,5
734011,일러랑,1
734011,정호도,2
734011,안굽다니,3
734011,브이나,4
734011,작화같단,5
734012,기일,1
734012,솔이가,2
734012,라멘집,3
734012,인투디언노우운,4
734012,죽었는데,5
734040,진린,1
734040,진린에게,2
734040,진린이랑,3
734040,진린과의,4
734040,김옥빈,5
734041,청장,1
734041,청장이면,2
734041,청장인데,3
734041,톰을,4
734041,일진,5
734348,물만두,1
734348,스티에,2
734348,네모네모,3
734348,메탄의,4
734348,기본값,5
734399,순희,1
734399,춘배,2
734399,저희요,3
734399,이무이자넠,4
734399,한잔하게,5
734918,합니당,1
734918,안달면됨,2
734918,쪽인거야,3
734918,여주,4
734918,세자님,5
735078,동양설화,1
735078,허미야,2
735078,썸넬,3
735078,이묵,4
735078,박성웅,5
735243,일진들,1
735243,카페,2
735243,스터디,3
735243,코로나,4
735243,쿠키,5
735247,얼쑤,1
735247,회부하네마네,2
735247,대시로,3
735247,작아돜,4
735247,이케,5
735254,판탖,1
735254,분류돼,2
735254,설치된,3
735254,뱀신랑,4
735254,에어팟을나쁜넘의시키,5
735661,로테슈,1
735661,하인리도,2
735661,잘생김,3
735661,포커,4
735661,뇌비었슈뇌비었슈뇌비,5
735979,할머,1
735979,나혼,2
735979,쳤길래,3
735979,최지웅,4
735979,꼬면,5
735982,즈인,1
735982,징으,2
735982,가슴나와,3
735982,가정에,4
735982,이란거아냐,5
736227,이소룡,1
736227,전투력,2
736227,서희가,3
736227,우즈제로,4
736227,브리,5
736274,게임,1
736274,딸한테,2
736274,여주가,3
736274,게이머,4
736274,선배,5
736277,일진물만,1
736277,이기는법,2
736277,루미,3
736277,찍새,4
736277,배꼽도둑,5
736281,남자,1
736281,여자,2
736281,운이,3
736281,행운,4
736281,과녁,5
736641,돌한테,1
736641,돌인데,2
736641,돌로서의,3
736641,돌스럽고,4
736641,카드,5
736699,빠졌나보네,1
736699,답게하누,2
736699,백기청기,3
736699,급사자어,4
736699,인질로삼았댘,5
736744,발라놨네,1
736744,강민성,2
736744,굽자,3
736744,피우진,4
736744,느와르물,5
736875,리시브,1
736875,체육,2
736875,줍니다,3
736875,가다랑어포를,4
736875,랠리,5
736928,나루토,1
736928,말투가,2
736928,세계관,3
736928,짬뽕,4
736928,중력,5
736989,트급,1
736989,유랑,2
736989,동체시력,3
736989,원펀맨,4
736989,수평선,5
737009,무궁화,1
737009,보전하세,2
737009,남주,3
737009,할말읎네,4
737009,혈압,5
737018,복학,1
737018,나혼산,2
737018,년생,3
737018,교생이,4
737018,이까짓,5
737019,조광조,1
737019,보부상이,2
737019,왜인들,3
737019,달나라,4
737019,역모,5
737020,스물셋에,1
737020,도자과,2
737020,전과자,3
737020,복전,4
737020,만렙된게,5
737021,서양주술,1
737021,피래미가,2
737021,문향인데,3
737021,닮게,4
737021,넘시름,5
737032,도복입은,1
737032,일진미화,2
737032,댄스,3
737377,중위,1
737377,전원투입,2
737377,수색대대,3
737377,이등병,4
737377,후임이,5
737378,왜고증,1
737378,불활성,2
737378,문돌이라도,3
737378,아닠도랏엌,4
737378,관측장비로,5
737628,감성지대루다,1
737628,어울려놀지,2
737628,샷이었으면,3
737628,박동차마,4
737628,잃기는싫고,5
737831,중등수학,1
737831,한줄로,2
737831,극한,3
737831,전교,4
737831,중학,5
737835,키우,1
737835,페미,2
737835,쇼쇼님,3
737835,차갑다고,4
737835,유아차,5
737836,씹인싸너,1
737836,전산상에는,2
737836,앙크,3
737836,예매자는,4
737836,유성군은,5
737839,여의주를,1
737839,용은,2
737839,밀크티,3
737839,가업을,4
737839,야망,5
738143,리사,1
738143,연예계,2
738143,트위터,3
738143,회색,4
738143,오도원,5
738144,이무기,1
738144,감방간,2
738144,뚱보다,3
738144,피크닉만,4
738144,프사라니,5
738145,늙는,1
738145,레나,2
738145,장갑끼면,3
738145,니케가,4
738145,율리,5
738173,개구리,1
738173,보통의를,2
738173,홀수,3
738173,대꾸만,4
738173,찬파는,5
738177,실정상으론,1
738177,사례비도,2
738177,제자면,3
738177,다낭성불임은,4
738177,다낭성난소불임,5
738194,보상금은,1
738194,꾸벅인사한,2
738194,출소,3
738194,진범은,4
738194,감옥살이,5
738483,제원이형,1
738483,폐차장에,2
738483,느릴때가,3
738483,골랏어,4
738483,넼콬,5
738488,운석이,1
738488,도로한,2
738488,책상,3
738488,레드,4
738488,폭파,5
738547,기승을부리고,1
738547,우셔요이,2
738547,폭렬마법주문을,3
738547,저승사자,4
738547,니임한테,5
738809,중급반,1
738809,하영아,2
738809,현규랑,3
738809,재현하영,4
738809,하영재현,5
738843,병엌,1
738843,취미,2
738843,도검소지허가증,3
738843,총기를,4
738843,암아요,5
739112,손들은,1
739112,한리,2
739112,희민이가,3
739112,희민이한테,4
739112,묻었을듯,5
739113,김하늘,1
739113,스타더스트,2
739113,떡쌍,3
739113,안뒀었는데,4
739113,도박걸기에는,5
739114,뚫렸을때,1
739114,염할,2
739114,시체닦이,3
739114,닦으,4
739114,회적발,5
739115,여잔데,1
739115,종보를,2
739115,장씨세가,3
739115,장시세가,4
739115,작은돌의,5
739127,방관자,1
739127,주동자,2
739127,괴롭,3
739127,성수지,4
739127,은별이가,5
739166,으트랑,1
739166,진날만,2
739166,꾸이꾸이가,3
739166,연하라,4
739166,웹드도,5
739292,다락방이,1
739292,성형시킨게,2
739292,멋있다,3
739292,강박,4
739292,이토준지,5
739350,목발도,1
739350,안걷음,2
739350,마리너,3
739350,소말리,4
739350,호러백합,5
739411,세자도,1
739411,만두,2
739411,볕이,3
739411,영달,4
739411,열두살,5
739439,아닥하게,1
739439,납량특집을,2
739439,재은이,3
739439,신걵,4
739439,전과도,5
739503,팬카페,1
739503,차승원,2
739503,상주가,3
739503,하얀이가,4
739503,서장이,5
740034,뭇섭게,1
740034,잡귀가,2
740034,잡귀로부터,3
740034,옴먀,4
740034,성별은,5
740079,베르님,1
740079,항문이,2
740079,힘냅시다,3
740079,닭강정,4
740079,햇반,5
740132,끄지도,1
740132,어그로,2
740132,페미,3
740132,불쌈해,4
740132,수련예정자,5
740135,일반고에,1
740135,강사투지,2
740135,거칠다는거는,3
740135,나아갈까요,4
740135,깨졌고요,5
740377,개봉한,1
740377,운전,2
740377,중력역전보다,3
740377,리뷰하기일,4
740377,의자가,5
740386,전략팀,1
740386,땅속집이고,2
740386,주셨다면서,3
740386,여왕개미고,4
740386,주거주지하수구,5
740423,점자를,1
740423,한두달로,2
740423,데어데블인가,3
740423,엎치락뒤치락하며,4
740423,창진원,5
740481,다니냐고,1
740481,징그러,2
740481,구울테니,3
740481,베도분에,4
740481,한양천도도랏,5
740482,타임,1
740482,집일것,2
740482,타임머신,3
740482,귀물을,4
740482,수상작이네요,5
740487,명화집을,1
740487,신빈데,2
740487,들으러가긴,3
740487,나신비는,4
740487,진중할거,5
741150,레몬차,1
741150,미중년,2
741150,메우,3
741150,정글짐의,4
741150,이던가,5
741449,요리,1
741449,드래곤,2
741449,웹소설,3
741449,석이면,4
741449,심청은,5
741458,웹소설,1
741458,세계,2
741458,개끌잼이네,3
741458,마법은,4
741458,알을세니앜,5
741467,일진이,1
741467,여주,2
741467,기유는,3
741467,할머니,4
741467,할정돓,5
741825,꽃집차린데,1
741825,무한쌓임,2
741825,가즈아달,3
741825,근육반해버렷,4
741825,생기였구만생기있게,5
741891,어신선해,1
741891,꿀꿀햇눈데,2
741891,용용체에용,3
741891,네부부랑,4
741891,질게요별태,5
741894,퍼덕퍼덕과,1
741894,이수현,2
741894,일처다부제,3
741894,김도령,4
741894,신부나,5
742048,아패로도,1
742048,나문,2
742048,있치,3
742048,시픙데,4
742048,지큼,5
742105,요괴는,1
742105,굿이,2
742105,사주를,3
742105,요괴인거는,4
742105,아들탓임,5
742349,주워오다닠,1
742349,신매,2
742349,규태,3
742349,잘아용,4
742349,소피랑,5
742351,일반고랑은,1
742351,배스킨은,2
742351,핮마요,3
742351,한남인듯,4
742351,꾸밈꾸밈,5
742352,모솰,1
742352,붙야,2
742352,쌉구리고,3
742352,흥행될,4
742352,어색해,5
742782,김홍도,1
742782,신윤복,2
742782,홍학이와,3
742782,쓰이진,4
742782,화집을,5
742826,접햇을때,1
742826,물들인채,2
742826,내면화하게,3
742826,편입한애도,4
742826,이재헌,5
742888,희곡,1
742888,올만이에요,2
742888,메리,3
742888,윈터,4
742888,누난데,5
742889,해왔잖니,1
742889,장르바꾸세욬,2
742889,혐관만큼,3
742889,복습때,4
742889,됐겠냐만은,5
743025,상담,1
743025,왕따,2
743025,어케됐나봐,3
743025,갈색,4
743025,단발한테,5
743031,민초배척,1
743031,울크라,2
743031,시큰하게,3
743031,치약에,4
743031,민초시식이,5
743270,냥인,1
743270,해석에선,2
743270,중첩할,3
743270,중첩시켜,4
743270,개봉시,5
743423,해두니까,1
743423,연두한테,2
743423,연두의,3
743423,시급만에,4
743423,사댱,5
743838,레바,1
743838,꼬인애,2
743838,한유,3
743838,일베하게,4
743838,찐따,5
744313,두명의,1
744313,의뢰,2
744313,핀이었나,3
744313,알리바이,4
744313,모서리로도,5
744375,라인업,1
744375,서희는,2
744375,아버,3
744375,서각,4
744375,에타,5
744381,오르는거나,1
744381,스루죠,2
744381,포즈임,3
744381,수작들,4
744381,집어올,5
